model,session_percentage,precision,recall,f1_score,roc_auc,prediction_time_seconds
LSTM,20,0.184076291860723,0.03344751158573443,0.05660892102032465,0.6326539661648761,143.85539899999276
GRU,20,0.17506421655799248,0.035704211162603264,0.059311822198420135,0.6447112335377583,269.20545970000967
GRU + Attention,20,0.1425983436853002,0.044408623816240174,0.06772577820114925,0.6565905717718402,192.97339959999954
XGBoost,20,0.19576719576719576,0.0029820672980052387,0.005874647719604652,0.5780382690822048,4.054065899996203
LightGBM,20,0.2698412698412698,0.0009134260192088119,0.0018206889165562205,0.6417861470331507,2.1976718999940204
LSTM,40,0.22039143126026828,0.1856001074618846,0.20150505330397117,0.6951661036774051,442.36766320001334
GRU,40,0.21222350537443369,0.16045402646248907,0.18274305821158113,0.7035408334039484,382.3683971999999
GRU + Attention,40,0.20351285699912322,0.19019410302908188,0.19662819925287117,0.71260612622315,262.1894472999993
XGBoost,40,0.19173640167364017,0.02462220431190812,0.043640259508362596,0.6143906503435965,3.5807365000073332
LightGBM,40,0.2978556279946587,0.05093693330646786,0.08699642103331193,0.7046865438533407,2.3610294999962207
LSTM,60,0.18344348673590594,0.32362146551145143,0.23415639259975604,0.7175945462132919,154.51012220000848
GRU,60,0.1845591829384374,0.28909933507958896,0.22529284301102284,0.7199076887840967,202.16705979999097
GRU + Attention,60,0.1792569750800419,0.3264020417758076,0.2314201496197601,0.7252045547941159,188.22142269999313
XGBoost,60,0.16917201592589584,0.05593391094096313,0.08407110913697897,0.6036995609786371,3.398154499998782
LightGBM,60,0.2598212380568529,0.1472093491839613,0.18793730278501852,0.7164737039850323,2.47716589999618
LSTM,80,0.15964454048481663,0.4326818456578682,0.23323389280697435,0.733216019882505,202.12889130000258
GRU,80,0.1640739314593762,0.4006582040432534,0.23280972544734327,0.7332356930397148,202.12510469999688
GRU + Attention,80,0.15742823960464358,0.43518033447511584,0.2312139140860852,0.7370309034099448,202.14545999999973
XGBoost,80,0.16251923759914763,0.0922022969977836,0.11765512512855673,0.6260280295118136,3.280687399994349
LightGBM,80,0.22154113530143968,0.25342198938813887,0.236411596273253,0.7343452871684735,2.4460137999994913
LSTM,100,0.14986207611739086,0.48529787091141113,0.22900608519269777,0.7365133572283266,202.15601920000336
GRU,100,0.15572246563275147,0.4511652898112701,0.23153069313755903,0.7365750678251981,442.3516760999919
GRU + Attention,100,0.14852263927945553,0.4895291826180402,0.22790050497944123,0.7399592706667206,209.90650070000265
XGBoost,100,0.1644750832919827,0.12466921888642622,0.14183215789353038,0.6417495578713039,3.5569205999927362
LightGBM,100,0.20305544823879193,0.3247632480354624,0.2498772679589274,0.739498856315763,2.6728823999874294
