model,event_stage,sessions,input_preparation_ms_per_session,feature_construction_ms_per_session,model_only_ms_per_session,end_to_end_ms_per_session
LSTM,1,1000,0.0001168999879155308,0.0,0.2534563000081107,0.25357319999602623
GRU,1,1000,0.0001168999879155308,0.0,0.2502208999940194,0.25033779998193495
GRU + Attention,1,1000,0.0001168999879155308,0.0,0.3726109999988694,0.3727278999867849
XGBoost,1,1000,0.0001168999879155308,0.17629829999350477,0.007873300011851825,0.18428849999327213
LightGBM,1,1000,0.0001168999879155308,0.17629829999350477,0.003914000000804663,0.18032919998222496
LSTM,2,1000,0.000185800003237091,0.0,0.031573200001730584,0.031759000004967675
GRU,2,1000,0.000185800003237091,0.0,0.018454500008374453,0.018640300011611544
GRU + Attention,2,1000,0.000185800003237091,0.0,0.021914400000241585,0.022100200003478676
XGBoost,2,1000,0.000185800003237091,0.07633999999961816,0.004411900008562952,0.0809377000114182
LightGBM,2,1000,0.000185800003237091,0.07633999999961816,0.0034696000075200573,0.0799954000103753
LSTM,3,1000,8.30000062705949e-05,0.0,0.023629000002983958,0.023712000009254552
GRU,3,1000,8.30000062705949e-05,0.0,0.01885920000495389,0.018942200011224486
GRU + Attention,3,1000,8.30000062705949e-05,0.0,0.02239019999979064,0.022473200006061234
XGBoost,3,1000,8.30000062705949e-05,0.08719700000074226,0.004833300001337193,0.09211330000835005
LightGBM,3,1000,8.30000062705949e-05,0.08719700000074226,0.0034733999927993864,0.09075339999981225
LSTM,4,1000,9.919999865815043e-05,0.0,0.025930500007234514,0.026029700005892664
GRU,4,1000,9.919999865815043e-05,0.0,0.016927600008784793,0.017026800007442944
GRU + Attention,4,1000,9.919999865815043e-05,0.0,0.021324499990441836,0.021423699989099987
XGBoost,4,1000,9.919999865815043e-05,0.12490290000278037,0.005099600006360561,0.13010170000779908
LightGBM,4,1000,9.919999865815043e-05,0.12490290000278037,0.003412000005482696,0.12841410000692122
LSTM,5,1000,7.390000973828137e-05,0.0,0.022400400004698895,0.022474300014437176
GRU,5,1000,7.390000973828137e-05,0.0,0.02382479999505449,0.023898700004792772
GRU + Attention,5,1000,7.390000973828137e-05,0.0,0.03761079999094363,0.037684700000681914
XGBoost,5,1000,7.390000973828137e-05,0.09132170000521,0.005905899990466423,0.09730150000541471
LightGBM,5,1000,7.390000973828137e-05,0.09132170000521,0.003135199993266724,0.09453080000821501
LSTM,6,1000,7.330000516958535e-05,0.0,0.026259100006427616,0.0263324000115972
GRU,6,1000,7.330000516958535e-05,0.0,0.01667470000393223,0.016748000009101816
GRU + Attention,6,1000,7.330000516958535e-05,0.0,0.019814699990092777,0.019887999995262362
XGBoost,6,1000,7.330000516958535e-05,0.08585070000845008,0.005062500000349246,0.09098650001396891
LightGBM,6,1000,7.330000516958535e-05,0.08585070000845008,0.0038853000005474314,0.08980930001416709
LSTM,7,1000,7.410001126118004e-05,0.0,0.026412599996547215,0.026486700007808395
GRU,7,1000,7.410001126118004e-05,0.0,0.01778000000922475,0.01785410002048593
GRU + Attention,7,1000,7.410001126118004e-05,0.0,0.02758209999592509,0.02765620000718627
XGBoost,7,1000,7.410001126118004e-05,0.10929560000658967,0.006607499992242083,0.11597720001009293
LightGBM,7,1000,7.410001126118004e-05,0.10929560000658967,0.003359700000146404,0.11272940001799725
LSTM,8,1000,0.0001244000013684854,0.0,0.031249599996954203,0.03137399999832269
GRU,8,1000,0.0001244000013684854,0.0,0.017927099994267337,0.018051499995635822
GRU + Attention,8,1000,0.0001244000013684854,0.0,0.022017700001015328,0.022142100002383813
XGBoost,8,1000,0.0001244000013684854,0.08400869999604765,0.004640200000721961,0.0887732999981381
LightGBM,8,1000,0.0001244000013684854,0.08400869999604765,0.002790900005493313,0.08692400000290945
LSTM,9,1000,9.039998985826969e-05,0.0,0.0248011000076076,0.02489149999746587
GRU,9,1000,9.039998985826969e-05,0.0,0.018541700002970174,0.018632099992828444
GRU + Attention,9,1000,9.039998985826969e-05,0.0,0.021637599988025613,0.021727999977883883
XGBoost,9,1000,9.039998985826969e-05,0.08569190000707749,0.004171599997789599,0.08995389999472536
LightGBM,9,1000,9.039998985826969e-05,0.08569190000707749,0.0029316000000108033,0.08871389999694657
LSTM,10,1000,9.31999966269359e-05,0.0,0.02159459999529645,0.021687799991923384
GRU,10,1000,9.31999966269359e-05,0.0,0.019873099998221733,0.01996629999484867
GRU + Attention,10,1000,9.31999966269359e-05,0.0,0.02205889999459032,0.022152099991217256
XGBoost,10,1000,9.31999966269359e-05,0.12316409999039024,0.004663300001993775,0.12792059998901095
LightGBM,10,1000,9.31999966269359e-05,0.12316409999039024,0.0027605999930528924,0.12601789998007007
LSTM,11,1000,9.790000331122428e-05,0.0,0.03002120000019204,0.030119100003503263
GRU,11,1000,9.790000331122428e-05,0.0,0.01717639999696985,0.017274300000281073
GRU + Attention,11,1000,9.790000331122428e-05,0.0,0.02150249999249354,0.021600399995804764
XGBoost,11,1000,9.790000331122428e-05,0.10287709999829531,0.005573000002186745,0.10854800000379328
LightGBM,11,1000,9.790000331122428e-05,0.10287709999829531,0.003906700003426522,0.10688170000503305
LSTM,12,1000,9.159999899566174e-05,0.0,0.02181060001021251,0.021902200009208173
GRU,12,1000,9.159999899566174e-05,0.0,0.01958919999015052,0.01968079998914618
GRU + Attention,12,1000,9.159999899566174e-05,0.0,0.02127529999415856,0.02136689999315422
XGBoost,12,1000,9.159999899566174e-05,0.10764269999344833,0.006238000001758337,0.11397229999420233
LightGBM,12,1000,9.159999899566174e-05,0.10764269999344833,0.0061308000003919005,0.1138650999928359
LSTM,13,1000,0.00013549999857787043,0.0,0.03246509999735281,0.03260059999593068
GRU,13,1000,0.00013549999857787043,0.0,0.020005700003821403,0.020141200002399273
GRU + Attention,13,1000,0.00013549999857787043,0.0,0.05541620000440162,0.05555170000297949
XGBoost,13,1000,0.00013549999857787043,0.13240429999132175,0.004834400009713136,0.13737419999961276
LightGBM,13,1000,0.00013549999857787043,0.13240429999132175,0.0028122999938204885,0.1353520999837201
LSTM,14,1000,8.620000153314322e-05,0.0,0.025399900012416765,0.02548610001394991
GRU,14,1000,8.620000153314322e-05,0.0,0.01700150000397116,0.017087700005504303
GRU + Attention,14,1000,8.620000153314322e-05,0.0,0.020425400012754835,0.02051160001428798
XGBoost,14,1000,8.620000153314322e-05,0.09555069998896215,0.005163100009667687,0.10080000000016298
LightGBM,14,1000,8.620000153314322e-05,0.09555069998896215,0.0035705999907804653,0.09920749998127576
LSTM,15,1000,0.00015669999993406236,0.0,0.02082459999655839,0.020981299996492453
GRU,15,1000,0.00015669999993406236,0.0,0.019254500002716668,0.01941120000265073
GRU + Attention,15,1000,0.00015669999993406236,0.0,0.020339299997431226,0.02049599999736529
XGBoost,15,1000,0.00015669999993406236,0.1296546999947168,0.011874899995746091,0.14168629999039695
LightGBM,15,1000,0.00015669999993406236,0.1296546999947168,0.004426999992574565,0.13423839998722542
LSTM,16,1000,0.000146100006531924,0.0,0.033590999999432825,0.03373710000596475
GRU,16,1000,0.000146100006531924,0.0,0.016361400004825555,0.01650750001135748
GRU + Attention,16,1000,0.000146100006531924,0.0,0.01968230000056792,0.019828400007099845
XGBoost,16,1000,0.000146100006531924,0.11009539999940898,0.004658500009099953,0.11490000001504086
LightGBM,16,1000,0.000146100006531924,0.11009539999940898,0.003612000000430271,0.11385350000637118
LSTM,17,1000,9.560000034980476e-05,0.0,0.02673050000157673,0.026826100001926534
GRU,17,1000,9.560000034980476e-05,0.0,0.01797610000357963,0.018071700003929436
GRU + Attention,17,1000,9.560000034980476e-05,0.0,0.024987400000100024,0.02508300000044983
XGBoost,17,1000,9.560000034980476e-05,0.11105909998877905,0.008261499999207444,0.1194161999883363
LightGBM,17,1000,9.560000034980476e-05,0.11105909998877905,0.006447799998568371,0.11760249998769723
LSTM,18,1000,0.00019700000120792538,0.0,0.04605299999821,0.04624999999941792
GRU,18,1000,0.00019700000120792538,0.0,0.030089300009422004,0.03028630001062993
GRU + Attention,18,1000,0.00019700000120792538,0.0,0.021646499997586943,0.02184349999879487
XGBoost,18,1000,0.00019700000120792538,0.08407870000519324,0.004232599996612407,0.08850830000301357
LightGBM,18,1000,0.00019700000120792538,0.08407870000519324,0.003010899992659688,0.08728659999906085
LSTM,19,1000,0.00010849999671336263,0.0,0.037815200004843064,0.037923700001556426
GRU,19,1000,0.00010849999671336263,0.0,0.016061799993622117,0.01617029999033548
GRU + Attention,19,1000,0.00010849999671336263,0.0,0.02167530001315754,0.0217838000098709
XGBoost,19,1000,0.00010849999671336263,0.11971149999590125,0.007038700001430698,0.1268586999940453
LightGBM,19,1000,0.00010849999671336263,0.11971149999590125,0.006458899995777756,0.12627889998839237
LSTM,20,1000,0.00011199999426025897,0.0,0.03747310000471771,0.03758509999897797
GRU,20,1000,0.00011199999426025897,0.0,0.01800720000755973,0.01811920000181999
GRU + Attention,20,1000,0.00011199999426025897,0.0,0.020990699995309114,0.021102699989569373
XGBoost,20,1000,0.00011199999426025897,0.08748990000458434,0.004487400001380593,0.0920893000002252
LightGBM,20,1000,0.00011199999426025897,0.08748990000458434,0.0029165999876568094,0.09051849998650141
