threshold,precision,recall,f1_score,roc_auc,pr_auc,tn,fp,fn,tp,model
0.05,0.05041196744681235,0.999871154314183,0.09598454176389908,0.7528733150530806,0.16730369064065875,2025,1315583,9,69842,LSTM
0.060000000000000005,0.050488450982830474,0.9997423086283661,0.09612257131629134,0.7528733150530806,0.16730369064065875,4293,1313315,18,69833,LSTM
0.07,0.05055438923765777,0.9994130363201672,0.09624053931097233,0.7528733150530806,0.16730369064065875,6529,1311079,41,69810,LSTM
0.08000000000000002,0.0506320756633457,0.9990837640119683,0.09637976835544519,0.7528733150530806,0.16730369064065875,9079,1308529,64,69787,LSTM
0.09000000000000001,0.050739556295322015,0.9985111165194486,0.09657179608420868,0.7528733150530806,0.16730369064065875,12747,1304861,104,69747,LSTM
0.1,0.0509818836074806,0.9979241528396158,0.09700783719672874,0.7528733150530806,0.16730369064065875,20044,1297564,145,69706,LSTM
0.11000000000000001,0.051158667290032905,0.9963207398605604,0.09732017812806118,0.7528733150530806,0.16730369064065875,26846,1290762,257,69594,LSTM
0.12000000000000001,0.051469820413296036,0.9949463858785128,0.09787637365345697,0.7528733150530806,0.16730369064065875,36839,1280769,353,69498,LSTM
0.13,0.05175118863681105,0.9935433995218393,0.09837810789413438,0.7528733150530806,0.16730369064065875,45976,1271632,451,69400,LSTM
0.14,0.0521527920474312,0.9919543027300969,0.09909555586701639,0.7528733150530806,0.16730369064065875,58320,1259288,562,69289,LSTM
0.15000000000000002,0.05255649846397177,0.9894776023249489,0.09981147075197248,0.7528733150530806,0.16730369064065875,71644,1245964,735,69116,LSTM
0.16000000000000003,0.052984931674409694,0.9860130849952041,0.10056580493965964,0.7528733150530806,0.16730369064065875,86603,1231005,977,68874,LSTM
0.17000000000000004,0.05345913909472202,0.9824340381669554,0.10140056726040118,0.7528733150530806,0.16730369064065875,102560,1215048,1227,68624,LSTM
0.18000000000000005,0.054110379160343634,0.9790840503357146,0.1025530290931802,0.7528733150530806,0.16730369064065875,122100,1195508,1461,68390,LSTM
0.19,0.054755662076952774,0.9746603484559992,0.10368630783628831,0.7528733150530806,0.16730369064065875,142329,1175279,1770,68081,LSTM
0.2,0.05564118587545894,0.9700362199539019,0.1052454998299185,0.7528733150530806,0.16730369064065875,167599,1150009,2093,67758,LSTM
0.21000000000000002,0.05632237410029858,0.9648823925212238,0.10643206700681722,0.7528733150530806,0.16730369064065875,188359,1129249,2453,67398,LSTM
0.22000000000000003,0.05721349470297626,0.9587836967258879,0.10798330234905443,0.7528733150530806,0.16730369064065875,214017,1103591,2879,66972,LSTM
0.23000000000000004,0.058181824543112,0.9522841476857883,0.10966352300538525,0.7528733150530806,0.16730369064065875,240848,1076760,3333,66518,LSTM
0.24000000000000005,0.0592717047615714,0.9454410101501768,0.11155009704047661,0.7528733150530806,0.16730369064065875,269457,1048151,3811,66040,LSTM
0.25000000000000006,0.0604146273894173,0.936607922578059,0.11350760051390109,0.7528733150530806,0.16730369064065875,300131,1017477,4428,65423,LSTM
0.26000000000000006,0.06168167922444051,0.9280897911268271,0.11567546348339668,0.7528733150530806,0.16730369064065875,331427,986181,5023,64828,LSTM
0.27,0.06319777303648366,0.9184979456271206,0.11825868973176228,0.7528733150530806,0.16730369064065875,366572,951036,5693,64158,LSTM
0.28,0.06501928729252325,0.9082761878856423,0.12135157700241865,0.7528733150530806,0.16730369064065875,405280,912328,6407,63444,LSTM
0.29000000000000004,0.06959296077377754,0.8899801004996349,0.12909147353786765,0.7528733150530806,0.16730369064065875,486494,831114,7685,62166,LSTM
0.30000000000000004,0.07544847909301135,0.8496370846516156,0.138590046867666,0.7528733150530806,0.16730369064065875,590353,727255,10503,59348,LSTM
0.31000000000000005,0.07812031644756562,0.8357646991453236,0.1428849399190109,0.7528733150530806,0.16730369064065875,628691,688917,11472,58379,LSTM
0.32000000000000006,0.08164087696840162,0.820818599590557,0.1485104917022175,0.7528733150530806,0.16730369064065875,672660,644948,12516,57335,LSTM
0.33,0.08402601183544454,0.809852400108803,0.15225486251199394,0.7528733150530806,0.16730369064065875,700945,616663,13282,56569,LSTM
0.34,0.08647300615018351,0.798714406379293,0.15605110239358913,0.7528733150530806,0.16730369064065875,728215,589393,14060,55791,LSTM
0.35000000000000003,0.08951105065638501,0.7857009921117808,0.16071287383854918,0.7528733150530806,0.16730369064065875,759359,558249,14969,54882,LSTM
0.36000000000000004,0.09272675097224888,0.7540335857754363,0.16514492117441962,0.7528733150530806,0.16730369064065875,802265,515343,17181,52670,LSTM
0.37000000000000005,0.09550919475534476,0.740934274384046,0.16920697817359123,0.7528733150530806,0.16730369064065875,827478,490130,18096,51755,LSTM
0.38000000000000006,0.0990408967263859,0.7255730053972026,0.17429102495103846,0.7528733150530806,0.16730369064065875,856562,461046,19169,50682,LSTM
0.39000000000000007,0.10241246964831205,0.7112997666461468,0.1790460128613308,0.7528733150530806,0.16730369064065875,882147,435461,20166,49685,LSTM
0.4000000000000001,0.1052632713321982,0.6991882721793532,0.18297893863298748,0.7528733150530806,0.16730369064065875,902477,415131,21012,48839,LSTM
0.4100000000000001,0.10856841275521992,0.6861891740991539,0.18747469848415807,0.7528733150530806,0.16730369064065875,924057,393551,21920,47931,LSTM
0.42000000000000004,0.11162564905550823,0.6715437144779602,0.1914311424531247,0.7528733150530806,0.16730369064065875,944290,373318,22943,46908,LSTM
0.43000000000000005,0.11530319258599969,0.6565403501739416,0.19615684848744078,0.7528733150530806,0.16730369064065875,965734,351874,23991,45860,LSTM
0.44000000000000006,0.11880552372127803,0.6277791298621351,0.199799521585602,0.7528733150530806,0.16730369064065875,992360,325248,26000,43851,LSTM
0.45000000000000007,0.12256831054645576,0.6130907216790025,0.20429435560813647,0.7528733150530806,0.16730369064065875,1011036,306572,27026,42825,LSTM
0.4600000000000001,0.12648116176901888,0.5988747476771986,0.2088529861104177,0.7528733150530806,0.16730369064065875,1028703,288905,28019,41832,LSTM
0.4700000000000001,0.12994995337862267,0.5865914589626491,0.21276518406779574,0.7528733150530806,0.16730369064065875,1043276,274332,28877,40974,LSTM
0.4800000000000001,0.13316884126072215,0.5740934274384046,0.21618955199741227,0.7528733150530806,0.16730369064065875,1056580,261028,29750,40101,LSTM
0.49000000000000005,0.1366357941389548,0.550815306867475,0.2189569171321339,0.7528733150530806,0.16730369064065875,1074495,243113,31376,38475,LSTM
0.5000000000000001,0.14021203748197983,0.5346809637657299,0.22216472001879728,0.7528733150530806,0.16730369064065875,1088588,229020,32503,37348,LSTM
0.5100000000000001,0.14435757122631754,0.5196632832743984,0.22594871507580072,0.7528733150530806,0.16730369064065875,1102455,215153,33552,36299,LSTM
0.5200000000000001,0.14790643225954805,0.5064637585718171,0.22895067241356995,0.7528733150530806,0.16730369064065875,1113800,203808,34474,35377,LSTM
0.5300000000000001,0.15222097764633483,0.4922191521953873,0.23253077235222508,0.7528733150530806,0.16730369064065875,1126121,191487,35469,34382,LSTM
0.5400000000000001,0.15597206978768496,0.47200469570943865,0.23446583817803615,0.7528733150530806,0.16730369064065875,1139194,178414,36881,32970,LSTM
0.5500000000000002,0.1603276328176523,0.4559276173569455,0.23723220404636333,0.7528733150530806,0.16730369064065875,1150818,166790,38004,31847,LSTM
0.5600000000000002,0.16488748452111535,0.44225565847303544,0.24021492750862158,0.7528733150530806,0.16730369064065875,1161148,156460,38959,30892,LSTM
0.5700000000000002,0.16893703864036297,0.4301871125681808,0.24260259484422053,0.7528733150530806,0.16730369064065875,1169786,147822,39802,30049,LSTM
0.5800000000000002,0.1724150300421487,0.4128645259194571,0.24324803049983973,0.7528733150530806,0.16730369064065875,1179182,138426,41012,28839,LSTM
0.5900000000000002,0.1766585514303104,0.3989062432892872,0.24487320886373523,0.7528733150530806,0.16730369064065875,1187744,129864,41987,27864,LSTM
0.6000000000000002,0.18204354386721275,0.38688064594637156,0.24758702513525027,0.7528733150530806,0.16730369064065875,1196184,121424,42827,27024,LSTM
0.6100000000000001,0.18604234457648255,0.3716052740834061,0.24794983116256633,0.7528733150530806,0.16730369064065875,1204043,113565,43894,25957,LSTM
0.6200000000000001,0.19050279329608938,0.3563728507823796,0.24828322220615298,0.7528733150530806,0.16730369064065875,1211831,105777,44958,24893,LSTM
0.6300000000000001,0.19552365554521256,0.34280110520966056,0.2490159476281348,0.7528733150530806,0.16730369064065875,1219087,98521,45906,23945,LSTM
0.6400000000000001,0.1992792195326271,0.3269387696668623,0.24762400446735955,0.7528733150530806,0.16730369064065875,1225847,91761,47014,22837,LSTM
0.6500000000000001,0.20395829058553602,0.31306638416057037,0.24699975715681458,0.7528733150530806,0.16730369064065875,1232258,85350,47983,21868,LSTM
0.6600000000000001,0.20825100293395604,0.29875019684757553,0.24542359326578736,0.7528733150530806,0.16730369064065875,1238270,79338,48983,20868,LSTM
0.6700000000000002,0.21306542315367133,0.28585131207856723,0.24414907925949475,0.7528733150530806,0.16730369064065875,1243862,73746,49884,19967,LSTM
0.6800000000000002,0.2190205064111466,0.27094816108573966,0.2422326462438325,0.7528733150530806,0.16730369064065875,1250122,67486,50925,18926,LSTM
0.6900000000000002,0.2247595400223217,0.25658902521080584,0.2396219099696512,0.7528733150530806,0.16730369064065875,1255788,61820,51928,17923,LSTM
0.7000000000000002,0.2301907755677199,0.2432177062604687,0.2365250078312624,0.7528733150530806,0.16730369064065875,1260793,56815,52862,16989,LSTM
0.7100000000000002,0.23624819539789635,0.22958869593849765,0.23287084431472488,0.7528733150530806,0.16730369064065875,1265763,51845,53814,16037,LSTM
0.7200000000000002,0.24228976080234552,0.2165037007344204,0.22867208999909275,0.7528733150530806,0.16730369064065875,1270314,47294,54728,15123,LSTM
0.7300000000000002,0.24723607575070625,0.20297490372364033,0.2229297860798604,0.7528733150530806,0.16730369064065875,1274440,43168,55673,14178,LSTM
0.7400000000000002,0.2528365210426956,0.1898183275829981,0.2168416576718019,0.7528733150530806,0.16730369064065875,1278426,39182,56592,13259,LSTM
0.7500000000000002,0.2591406626064754,0.17726303130950166,0.2105209466811752,0.7528733150530806,0.16730369064065875,1282209,35399,57469,12382,LSTM
0.7600000000000002,0.2652636928549978,0.16439277891511933,0.20298744917800954,0.7528733150530806,0.16730369064065875,1285802,31806,58368,11483,LSTM
0.7700000000000002,0.2710762907783201,0.15107872471403416,0.19402285325562368,0.7528733150530806,0.16730369064065875,1289231,28377,59298,10553,LSTM
0.7800000000000001,0.2754190909614609,0.1368913830868563,0.18288402872744314,0.7528733150530806,0.16730369064065875,1292452,25156,60289,9562,LSTM
0.7900000000000001,0.28243748769442806,0.12321942420294626,0.17158235733864938,0.7528733150530806,0.16730369064065875,1295741,21867,61244,8607,LSTM
0.8000000000000002,0.2902436269156908,0.11034917180856395,0.15990374242801428,0.7528733150530806,0.16730369064065875,1298759,18849,62143,7708,LSTM
0.8100000000000002,0.29686207947077514,0.09765071366193755,0.14695996897487826,0.7528733150530806,0.16730369064065875,1301452,16156,63030,6821,LSTM
0.8200000000000002,0.30456800859378996,0.08523857926157107,0.13319910514541386,0.7528733150530806,0.16730369064065875,1304013,13595,63897,5954,LSTM
0.8300000000000002,0.313893653516295,0.07335614379178537,0.11892080069625761,0.7528733150530806,0.16730369064065875,1306408,11200,64727,5124,LSTM
0.8400000000000002,0.3215303825956489,0.06135917882349572,0.10305237975018333,0.7528733150530806,0.16730369064065875,1308564,9044,65565,4286,LSTM
0.8500000000000002,0.33187897182965,0.05009233940816882,0.08704629698733736,0.7528733150530806,0.16730369064065875,1310564,7044,66352,3499,LSTM
0.8600000000000002,0.34513604174431606,0.03977036835549956,0.07132220795892169,0.7528733150530806,0.16730369064065875,1312337,5271,67073,2778,LSTM
0.8700000000000002,0.35122965015587115,0.02903322787075346,0.05363305785123967,0.7528733150530806,0.16730369064065875,1313862,3746,67823,2028,LSTM
0.8800000000000002,0.3669700910273082,0.020200140298635667,0.03829244463742944,0.7528733150530806,0.16730369064065875,1315174,2434,68440,1411,LSTM
0.8900000000000002,0.37461024498886414,0.01203991353022863,0.023330004438526408,0.7528733150530806,0.16730369064065875,1316204,1404,69010,841,LSTM
0.9000000000000002,0.35934664246823955,0.005669210175945942,0.011162318718024608,0.7528733150530806,0.16730369064065875,1316902,706,69455,396,LSTM
0.9100000000000003,0.3819951338199513,0.0022476414081401843,0.0044689875039139225,0.7528733150530806,0.16730369064065875,1317354,254,69694,157,LSTM
0.9200000000000003,0.42105263157894735,0.0005726474925197921,0.0011437394561518886,0.7528733150530806,0.16730369064065875,1317553,55,69811,40,LSTM
0.9300000000000002,0.6,4.294856193898441e-05,8.589097572148419e-05,0.7528733150530806,0.16730369064065875,1317606,2,69848,3,LSTM
0.9400000000000002,0.0,0.0,0.0,0.7528733150530806,0.16730369064065875,1317608,0,69851,0,LSTM
0.9500000000000002,0.0,0.0,0.0,0.7528733150530806,0.16730369064065875,1317608,0,69851,0,LSTM
0.05,0.05039513927820792,0.999928419063435,0.0959543019800552,0.7531169084014724,0.164794620759761,1487,1316121,5,69846,GRU
0.060000000000000005,0.05054772765767709,0.9997423086283661,0.09622999399880251,0.7531169084014724,0.164794620759761,5915,1311693,18,69833,GRU
0.07,0.05069672961574746,0.9993557715709153,0.09649816420419358,0.7531169084014724,0.164794620759761,10481,1307127,45,69806,GRU
0.08000000000000002,0.05090032248179656,0.9987688078910825,0.09686415068404709,0.7531169084014724,0.164794620759761,16753,1300855,86,69765,GRU
0.09000000000000001,0.05111087648602001,0.9979671014015548,0.09724152890818279,0.7531169084014724,0.164794620759761,23439,1294169,142,69709,GRU
0.1,0.051340210441272086,0.9970794977881491,0.09765224907794219,0.7531169084014724,0.164794620759761,30677,1286931,204,69647,GRU
0.11000000000000001,0.05171493984670937,0.9950322830023908,0.09831988762471408,0.7531169084014724,0.164794620759761,43129,1274479,347,69504,GRU
0.12000000000000001,0.05214621892501667,0.9919972512920359,0.09908390429935088,0.7531169084014724,0.164794620759761,58098,1259510,559,69292,GRU
0.13,0.05264882195003764,0.9892771757025669,0.0999769235053991,0.7531169084014724,0.164794620759761,74202,1243406,749,69102,GRU
0.14,0.05313084933500674,0.9866573134242889,0.10083196355249095,0.7531169084014724,0.164794620759761,89371,1228237,932,68919,GRU
0.15000000000000002,0.05373938824368298,0.9839945025840718,0.10191295296684526,0.7531169084014724,0.164794620759761,107335,1210273,1118,68733,GRU
0.16000000000000003,0.05430102795951582,0.9806158823782051,0.10290381752325954,0.7531169084014724,0.164794620759761,124674,1192934,1354,68497,GRU
0.17000000000000004,0.05506308580541132,0.9767791441783225,0.10424941384629136,0.7531169084014724,0.164794620759761,146731,1170877,1622,68229,GRU
0.18000000000000005,0.05580769559528428,0.9720834347396601,0.10555541305525566,0.7531169084014724,0.164794620759761,168813,1148795,1950,67901,GRU
0.19,0.056568892342188086,0.9672445634278679,0.10688656858092074,0.7531169084014724,0.164794620759761,190822,1126786,2288,67563,GRU
0.2,0.05753341058853378,0.9609597571974632,0.10856683975619204,0.7531169084014724,0.164794620759761,218036,1099572,2727,67124,GRU
0.21000000000000002,0.058561343121070565,0.9547751642782494,0.11035409380892221,0.7531169084014724,0.164794620759761,245460,1072148,3159,66692,GRU
0.22000000000000003,0.059622248621327256,0.947717283932943,0.11218667330984496,0.7531169084014724,0.164794620759761,273500,1044108,3652,66199,GRU
0.23000000000000004,0.060872395531474326,0.9397717999742309,0.11433866498060506,0.7531169084014724,0.164794620759761,304865,1012743,4207,65644,GRU
0.24000000000000005,0.06429221835768983,0.9248972813560292,0.1202271111623908,0.7531169084014724,0.164794620759761,377348,940260,5246,64605,GRU
0.25000000000000006,0.06601560402615264,0.9152911196690098,0.12314905149573493,0.7531169084014724,0.164794620759761,413074,904534,5917,63934,GRU
0.26000000000000006,0.06800701369391465,0.9050693619275315,0.12650818791328525,0.7531169084014724,0.164794620759761,451218,866390,6631,63220,GRU
0.27,0.06963285265117439,0.895362986929321,0.12921647199073572,0.7531169084014724,0.164794620759761,481982,835626,7309,62542,GRU
0.28,0.07401246065106346,0.8573105610513808,0.13626134582084695,0.7531169084014724,0.164794620759761,568385,749223,9967,59884,GRU
0.29000000000000004,0.07694510690147152,0.8462011996964969,0.14106332074436032,0.7531169084014724,0.164794620759761,608532,709076,10743,59108,GRU
0.30000000000000004,0.07979152762341217,0.8335313739244964,0.1456412437151362,0.7531169084014724,0.164794620759761,646142,671466,11628,58223,GRU
0.31000000000000005,0.08238907643993493,0.8214055632703898,0.1497571301422244,0.7531169084014724,0.164794620759761,678581,639027,12475,57376,GRU
0.32000000000000006,0.08437233489958758,0.8115560263990494,0.15285346419856283,0.7531169084014724,0.164794620759761,702417,615191,13163,56688,GRU
0.33,0.08623921836617846,0.8021502913344118,0.15573532416022415,0.7531169084014724,0.164794620759761,723923,593685,13820,56031,GRU
0.34,0.08877175569699335,0.7913129375384748,0.15963517900257615,0.7531169084014724,0.164794620759761,750229,567379,14577,55274,GRU
0.35000000000000003,0.0915746438869045,0.7615925326766976,0.16349097077950017,0.7531169084014724,0.164794620759761,789881,527727,16653,53198,GRU
0.36000000000000004,0.09507721041316627,0.7477344633577185,0.16870318510838284,0.7531169084014724,0.164794620759761,820495,497113,17621,52230,GRU
0.37000000000000005,0.09790361007721528,0.7324304591201272,0.17271984551396316,0.7531169084014724,0.164794620759761,846204,471404,18690,51161,GRU
0.38000000000000006,0.10126219451885016,0.7181858527436973,0.17749770901075262,0.7531169084014724,0.164794620759761,872367,445241,19685,50166,GRU
0.39000000000000007,0.10419671200733582,0.7043850481739703,0.18153910864969172,0.7531169084014724,0.164794620759761,894607,423001,20649,49202,GRU
0.4000000000000001,0.10730880907809491,0.6909850968490072,0.18576814199142863,0.7531169084014724,0.164794620759761,916088,401520,21585,48266,GRU
0.4100000000000001,0.11040308874426931,0.663999083764012,0.18932681847590707,0.7531169084014724,0.164794620759761,943883,373725,23470,46381,GRU
0.42000000000000004,0.1135283789639255,0.6489098223361155,0.19324761035838228,0.7531169084014724,0.164794620759761,963678,353930,24524,45327,GRU
0.43000000000000005,0.11686942459730267,0.6331906486664471,0.1973191999089893,0.7531169084014724,0.164794620759761,983389,334219,25622,44229,GRU
0.44000000000000006,0.12053368316748775,0.6182159167370546,0.20173504377318296,0.7531169084014724,0.164794620759761,1002526,315082,26668,43183,GRU
0.45000000000000007,0.12456413790247928,0.6029691772487151,0.20647394196689003,0.7531169084014724,0.164794620759761,1021603,296005,27733,42118,GRU
0.4600000000000001,0.1278278758353474,0.5799916966113584,0.20948589009397986,0.7531169084014724,0.164794620759761,1041187,276421,29338,40513,GRU
0.4700000000000001,0.13151393679500326,0.5655037150506077,0.21339953053291807,0.7531169084014724,0.164794620759761,1056753,260855,30350,39501,GRU
0.4800000000000001,0.13518529563450993,0.5516313295443157,0.21715387086411822,0.7531169084014724,0.164794620759761,1071109,246499,31319,38532,GRU
0.49000000000000005,0.13867520893834934,0.537329458418634,0.22045491255635014,0.7531169084014724,0.164794620759761,1084487,233121,32318,37533,GRU
0.5000000000000001,0.1424494103974036,0.5158838098237677,0.2232527306407945,0.7531169084014724,0.164794620759761,1100676,216932,33816,36035,GRU
0.5100000000000001,0.14631511964767152,0.5003507465891683,0.22641949475088996,0.7531169084014724,0.164794620759761,1113690,203918,34901,34950,GRU
0.5200000000000001,0.1504637856279764,0.484889264291134,0.22966215185367259,0.7531169084014724,0.164794620759761,1126374,191234,35981,33870,GRU
0.5300000000000001,0.15392633284034088,0.4693418848692216,0.23182338881896222,0.7531169084014724,0.164794620759761,1137407,180201,37067,32784,GRU
0.5400000000000001,0.15855977985957956,0.4487552075131351,0.2343249496342644,0.7531169084014724,0.164794620759761,1151262,166346,38505,31346,GRU
0.5500000000000002,0.1634719905289781,0.43489713819415615,0.23762422706419328,0.7531169084014724,0.164794620759761,1162156,155452,39473,30378,GRU
0.5600000000000002,0.16755880708081766,0.4203518918841534,0.23960666707468836,0.7531169084014724,0.164794620759761,1171736,145872,40489,29362,GRU
0.5700000000000002,0.17201644584339848,0.40370216603914044,0.24124080878421442,0.7531169084014724,0.164794620759761,1181875,135733,41652,28199,GRU
0.5800000000000002,0.1768222938546324,0.3895148244119626,0.2432293505808522,0.7531169084014724,0.164794620759761,1190944,126664,42643,27208,GRU
0.5900000000000002,0.18113259764070985,0.3747977838542039,0.24423236591941638,0.7531169084014724,0.164794620759761,1199253,118355,43671,26180,GRU
0.6000000000000002,0.18587209517124173,0.3601236918583843,0.24519216710691763,0.7531169084014724,0.164794620759761,1207428,110180,44696,25155,GRU
0.6100000000000001,0.19005864151122578,0.3438175545088832,0.24479644466189632,0.7531169084014724,0.164794620759761,1215263,102345,45835,24016,GRU
0.6200000000000001,0.19472704189589504,0.32937252151007146,0.2447540172658656,0.7531169084014724,0.164794620759761,1222465,95143,46844,23007,GRU
0.6300000000000001,0.19945283173212386,0.31415441439635794,0.24399573029710017,0.7531169084014724,0.164794620759761,1229531,88077,47907,21944,GRU
0.6400000000000001,0.20489719589757574,0.3011696325034717,0.24387614333244456,0.7531169084014724,0.164794620759761,1235974,81634,48814,21037,GRU
0.6500000000000001,0.20967252404525427,0.2868104966285379,0.24224909310761789,0.7531169084014724,0.164794620759761,1242093,75515,49817,20034,GRU
0.6600000000000001,0.21505570543283178,0.272752000687177,0.2404917887933755,0.7531169084014724,0.164794620759761,1248069,69539,50799,19052,GRU
0.6700000000000002,0.2191113222949182,0.25746231263689856,0.2367437207098099,0.7531169084014724,0.164794620759761,1253515,64093,51867,17984,GRU
0.6800000000000002,0.22481909892779803,0.2437474051910495,0.23390093623568686,0.7531169084014724,0.164794620759761,1258902,58706,52825,17026,GRU
0.6900000000000002,0.2303546667047875,0.23069104236159826,0.23052273182455438,0.7531169084014724,0.164794620759761,1263769,53839,53737,16114,GRU
0.7000000000000002,0.2367967184076819,0.2181786946500408,0.22710677296773712,0.7531169084014724,0.164794620759761,1268489,49119,54611,15240,GRU
0.7100000000000002,0.24310111512701485,0.20317533034602225,0.22135225766201358,0.7531169084014724,0.164794620759761,1273421,44187,55659,14192,GRU
0.7200000000000002,0.24873182919442763,0.18812901748006472,0.214226910003831,0.7531169084014724,0.164794620759761,1277917,39691,56710,13141,GRU
0.7300000000000002,0.25493524456180056,0.17415641866258177,0.2069423062201771,0.7531169084014724,0.164794620759761,1282055,35553,57686,12165,GRU
0.7400000000000002,0.26099937510125676,0.1614436443286424,0.1994905269861487,0.7531169084014724,0.164794620759761,1285678,31930,58574,11277,GRU
0.7500000000000002,0.26603032868909243,0.14843023006113013,0.1905462030434463,0.7531169084014724,0.164794620759761,1289003,28605,59483,10368,GRU
0.7600000000000002,0.27142775130604513,0.13537386723167885,0.18064935188988337,0.7531169084014724,0.164794620759761,1292226,25382,60395,9456,GRU
0.7700000000000002,0.27763272410791995,0.12330532132682424,0.17076749211888098,0.7531169084014724,0.164794620759761,1295198,22410,61238,8613,GRU
0.7800000000000001,0.2828504536142815,0.11069276030407582,0.1591159311430541,0.7531169084014724,0.164794620759761,1298004,19604,62119,7732,GRU
0.7900000000000001,0.28872887704986266,0.09931139139024495,0.14778912832749236,0.7531169084014724,0.164794620759761,1300519,17089,62914,6937,GRU
0.8000000000000002,0.2955298410716858,0.08811613291148301,0.13575508943734974,0.7531169084014724,0.164794620759761,1302936,14672,63696,6155,GRU
0.8100000000000002,0.3039737348579192,0.0768779258707821,0.1227190145914508,0.7531169084014724,0.164794620759761,1305312,12296,64481,5370,GRU
0.8200000000000002,0.3137043525131384,0.0666561681293038,0.10995005490418334,0.7531169084014724,0.164794620759761,1307422,10186,65195,4656,GRU
0.8300000000000002,0.32217911412867767,0.057064322629597285,0.09695583960692264,0.7531169084014724,0.164794620759761,1309222,8386,65865,3986,GRU
0.8400000000000002,0.33237652182520044,0.048073756997036546,0.08399829902193762,0.7531169084014724,0.164794620759761,1310863,6745,66493,3358,GRU
0.8500000000000002,0.33726874391431355,0.0396701550443086,0.07099030320109649,0.7531169084014724,0.164794620759761,1312163,5445,67080,2771,GRU
0.8600000000000002,0.34501011988167524,0.031724671085596484,0.058106300967564306,0.7531169084014724,0.164794620759761,1313401,4207,67635,2216,GRU
0.8700000000000002,0.35147808358817534,0.02468110692760304,0.04612338808925036,0.7531169084014724,0.164794620759761,1314427,3181,68127,1724,GRU
0.8800000000000002,0.35997779628087706,0.01856809494495426,0.035314618672910934,0.7531169084014724,0.164794620759761,1315302,2306,68554,1297,GRU
0.8900000000000002,0.3756528726396143,0.013385635137650141,0.025850152059718,0.7531169084014724,0.164794620759761,1316054,1554,68916,935,GRU
0.9000000000000002,0.3698714023270055,0.008646977137048862,0.016898886464103854,0.7531169084014724,0.164794620759761,1316579,1029,69247,604,GRU
0.9100000000000003,0.3806262230919765,0.005568996864754978,0.010977382077801138,0.7531169084014724,0.164794620759761,1316975,633,69462,389,GRU
0.9200000000000003,0.37542662116040953,0.003149561208858857,0.00624671692434374,0.7531169084014724,0.164794620759761,1317242,366,69631,220,GRU
0.9300000000000002,0.3687707641196013,0.001589096791742423,0.0031645569620253164,0.7531169084014724,0.164794620759761,1317418,190,69740,111,GRU
0.9400000000000002,0.35772357723577236,0.0006299122417717714,0.0012576099694172121,0.7531169084014724,0.164794620759761,1317529,79,69807,44,GRU
0.9500000000000002,0.3157894736842105,0.00017179424775593763,0.00034340167980655037,0.7531169084014724,0.164794620759761,1317582,26,69839,12,GRU
0.05,0.05066747572815534,0.9993557715709153,0.096445168104815,0.7558610592963481,0.1634582411140498,9686,1307922,45,69806,GRU + Attention
0.060000000000000005,0.05088078178271254,0.9988260726403344,0.09682903608137253,0.7558610592963481,0.1634582411140498,16152,1301456,82,69769,GRU + Attention
0.07,0.0510798823611279,0.9983250060843796,0.09718712849622939,0.7558610592963481,0.1634582411140498,22147,1295461,117,69734,GRU + Attention
0.08000000000000002,0.05135816013040814,0.997265608223218,0.09768561107496242,0.7558610592963481,0.1634582411140498,30911,1286697,191,69660,GRU + Attention
0.09000000000000001,0.051681996765877175,0.9947173268815049,0.0982588128816028,0.7558610592963481,0.1634582411140498,42676,1274932,369,69482,GRU + Attention
0.1,0.052012981514604956,0.9937151937695953,0.09885186461629605,0.7558610592963481,0.1634582411140498,52507,1265101,439,69412,GRU + Attention
0.11000000000000001,0.05241965375811481,0.9920688322286009,0.09957774621232533,0.7558610592963481,0.1634582411140498,64939,1252669,554,69297,GRU + Attention
0.12000000000000001,0.052866180138030884,0.9890481167055589,0.10036755625935234,0.7558610592963481,0.1634582411140498,79885,1237723,765,69086,GRU + Attention
0.13,0.05334234671634868,0.986199195430273,0.10121034567872213,0.7558610592963481,0.1634582411140498,95082,1222526,964,68887,GRU + Attention
0.14,0.05386426593883758,0.983493436028117,0.10213478318399218,0.7558610592963481,0.1634582411140498,110915,1206693,1153,68698,GRU + Attention
0.15000000000000002,0.054614230286522576,0.9805729338162661,0.10346580382222564,0.7558610592963481,0.1634582411140498,131960,1185648,1357,68494,GRU + Attention
0.16000000000000003,0.055301062497265574,0.9771656812357733,0.10467804553746493,0.7558610592963481,0.1634582411140498,151602,1166006,1595,68256,GRU + Attention
0.17000000000000004,0.056090365334420744,0.9727849279179969,0.10606506416585174,0.7558610592963481,0.1634582411140498,174120,1143488,1901,67950,GRU + Attention
0.18000000000000005,0.056845025429784375,0.9680605861047086,0.10738438352835991,0.7558610592963481,0.1634582411140498,195678,1121930,2231,67620,GRU + Attention
0.19,0.0577091596913901,0.9635366709138022,0.10889619314739024,0.7558610592963481,0.1634582411140498,218650,1098958,2547,67304,GRU + Attention
0.2,0.05860994307692577,0.9590127557228959,0.1104686109876591,0.7558610592963481,0.1634582411140498,241650,1075958,2863,66988,GRU + Attention
0.21000000000000002,0.059691984121856854,0.9523986771842923,0.11234283427295733,0.7558610592963481,0.1634582411140498,269646,1047962,3325,66526,GRU + Attention
0.22000000000000003,0.06298666173869019,0.9368656139496929,0.11803751205113197,0.7558610592963481,0.1634582411140498,344083,973525,4410,65441,GRU + Attention
0.23000000000000004,0.06436373406621079,0.9293925641723096,0.12039003113647195,0.7558610592963481,0.1634582411140498,373900,943708,4932,64919,GRU + Attention
0.24000000000000005,0.06618211882733664,0.9213754992770326,0.12349372160137541,0.7558610592963481,0.1634582411140498,409514,908094,5492,64359,GRU + Attention
0.25000000000000006,0.06734020235617895,0.9135731771914504,0.12543452643621,0.7558610592963481,0.1634582411140498,433786,883822,6037,63814,GRU + Attention
0.26000000000000006,0.06869563331091781,0.9067300396558389,0.1277153063374708,0.7558610592963481,0.1634582411140498,458964,858644,6515,63336,GRU + Attention
0.27,0.06998541251405856,0.8997580564344104,0.1298692711190735,0.7558610592963481,0.1634582411140498,482427,835181,7002,62849,GRU + Attention
0.28,0.07157708797173717,0.8910394983607965,0.13250968966460613,0.7558610592963481,0.1634582411140498,510296,807312,7611,62240,GRU + Attention
0.29000000000000004,0.07580464879969516,0.8544043750268429,0.13925434375040105,0.7558610592963481,0.1634582411140498,589989,727619,10170,59681,GRU + Attention
0.30000000000000004,0.07856623698668205,0.8418490787533464,0.14371971673499814,0.7558610592963481,0.1634582411140498,627948,689660,11047,58804,GRU + Attention
0.31000000000000005,0.0812568930147977,0.829050407295529,0.14800729429835827,0.7558610592963481,0.1634582411140498,662840,654768,11941,57910,GRU + Attention
0.32000000000000006,0.08345054874357752,0.8170820747018654,0.15143470814312457,0.7558610592963481,0.1634582411140498,690756,626852,12777,57074,GRU + Attention
0.33,0.08608111248364174,0.8060872428454854,0.15555110469573386,0.7558610592963481,0.1634582411140498,719810,597798,13545,56306,GRU + Attention
0.34,0.08844020229089022,0.7956364261069991,0.15918585383807876,0.7558610592963481,0.1634582411140498,744782,572826,14275,55576,GRU + Attention
0.35000000000000003,0.09070559996563932,0.7860732129819187,0.16264362538766636,0.7558610592963481,0.1634582411140498,767173,550435,14943,54908,GRU + Attention
0.36000000000000004,0.09295024733866344,0.7752644915606076,0.16599816385241542,0.7558610592963481,0.1634582411140498,789159,528449,15698,54153,GRU + Attention
0.37000000000000005,0.09609414148959973,0.7439836222817139,0.17020440380313565,0.7558610592963481,0.1634582411140498,828773,488835,17883,51968,GRU + Attention
0.38000000000000006,0.09929493112647683,0.7310561051380796,0.17484211481407297,0.7558610592963481,0.1634582411140498,854397,463211,18786,51065,GRU + Attention
0.39000000000000007,0.10222757375075256,0.7171121386952227,0.17894563862204962,0.7558610592963481,0.1634582411140498,877704,439904,19760,50091,GRU + Attention
0.4000000000000001,0.1053497112986949,0.7034258636239996,0.18325407925407924,0.7558610592963481,0.1634582411140498,900344,417264,20716,49135,GRU + Attention
0.4100000000000001,0.10809352236058643,0.6910566777855721,0.1869454589111921,0.7558610592963481,0.1634582411140498,919312,398296,21580,48271,GRU + Attention
0.42000000000000004,0.11090708347563286,0.6787733890710226,0.19066136124643865,0.7558610592963481,0.1634582411140498,937519,380089,22438,47413,GRU + Attention
0.43000000000000005,0.11391610211045622,0.6518875892972184,0.1939413299259969,0.7558610592963481,0.1634582411140498,963419,354189,24316,45535,GRU + Attention
0.44000000000000006,0.11736683576410907,0.6359393566305421,0.19816162611998725,0.7558610592963481,0.1634582411140498,983549,334059,25430,44421,GRU + Attention
0.45000000000000007,0.1206588885084254,0.6204921905198207,0.2020314080482541,0.7558610592963481,0.1634582411140498,1001739,315869,26509,43342,GRU + Attention
0.4600000000000001,0.12438689251972095,0.6052168186568553,0.20636144860611444,0.7558610592963481,0.1634582411140498,1020016,297592,27576,42275,GRU + Attention
0.4700000000000001,0.1281899238764638,0.5911296903408684,0.21069040384325913,0.7558610592963481,0.1634582411140498,1036791,280817,28560,41291,GRU + Attention
0.4800000000000001,0.1313434513400133,0.5687964381325965,0.2134078872452652,0.7558610592963481,0.1634582411140498,1054842,262766,30120,39731,GRU + Attention
0.49000000000000005,0.1349495823836765,0.553521066269631,0.21699526880272085,0.7558610592963481,0.1634582411140498,1069765,247843,31187,38664,GRU + Attention
0.5000000000000001,0.13860110777837073,0.5391476142073843,0.22051375136869594,0.7558610592963481,0.1634582411140498,1083553,234055,32191,37660,GRU + Attention
0.5100000000000001,0.14231975408912326,0.5243017279638087,0.223870652240357,0.7558610592963481,0.1634582411140498,1096902,220706,33228,36623,GRU + Attention
0.5200000000000001,0.1461918760576967,0.5033428297375843,0.2265764459481231,0.7558610592963481,0.1634582411140498,1112268,205340,34692,35159,GRU + Attention
0.5300000000000001,0.14984123074757888,0.48775250175373297,0.22925393220624107,0.7558610592963481,0.1634582411140498,1124304,193304,35781,34070,GRU + Attention
0.5400000000000001,0.1536795932051855,0.4724771298907675,0.23192306476038552,0.7558610592963481,0.1634582411140498,1135859,181749,36848,33003,GRU + Attention
0.5500000000000002,0.15754542540864377,0.45741650083749696,0.2343685816560061,0.7558610592963481,0.1634582411140498,1146754,170854,37900,31951,GRU + Attention
0.5600000000000002,0.1618559925361662,0.43711614722767034,0.23623759158819935,0.7558610592963481,0.1634582411140498,1159498,158110,39318,30533,GRU + Attention
0.5700000000000002,0.16749088053356703,0.42135402499606306,0.2396996424702941,0.7558610592963481,0.1634582411140498,1171317,146291,40419,29432,GRU + Attention
0.5800000000000002,0.17152446030114288,0.4060786531330976,0.24117744589131074,0.7558610592963481,0.1634582411140498,1180603,137005,41486,28365,GRU + Attention
0.5900000000000002,0.17700326624811752,0.38868448554780893,0.2432381583780539,0.7558610592963481,0.1634582411140498,1191371,126237,42701,27150,GRU + Attention
0.6000000000000002,0.18195877365916865,0.3739388126154243,0.24479850046860357,0.7558610592963481,0.1634582411140498,1200179,117429,43731,26120,GRU + Attention
0.6100000000000001,0.18583464314712872,0.35714592489728136,0.24446578537340638,0.7558610592963481,0.1634582411140498,1208312,109296,44904,24947,GRU + Attention
0.6200000000000001,0.19069767441860466,0.341612861662682,0.2447623101738118,0.7558610592963481,0.1634582411140498,1216340,101268,45989,23862,GRU + Attention
0.6300000000000001,0.19507060333761234,0.32632317361240354,0.24417651753338226,0.7558610592963481,0.1634582411140498,1223552,94056,47057,22794,GRU + Attention
0.6400000000000001,0.20018428084400627,0.31103348556212507,0.24359096540550843,0.7558610592963481,0.1634582411140498,1230804,86804,48125,21726,GRU + Attention
0.6500000000000001,0.204864387085241,0.2953143118924568,0.2419110834867657,0.7558610592963481,0.1634582411140498,1237545,80063,49223,20628,GRU + Attention
0.6600000000000001,0.2099083280369704,0.27896522598101675,0.23955938579560124,0.7558610592963481,0.1634582411140498,1244263,73345,50365,19486,GRU + Attention
0.6700000000000002,0.21505551736592526,0.26424818542325806,0.2371274409044193,0.7558610592963481,0.1634582411140498,1250237,67371,51393,18458,GRU + Attention
0.6800000000000002,0.22089173590410352,0.2493020858684915,0.2342385967744105,0.7558610592963481,0.1634582411140498,1256187,61421,52437,17414,GRU + Attention
0.6900000000000002,0.22629241772379544,0.234184192065969,0.2301706791990882,0.7558610592963481,0.1634582411140498,1261679,55929,53493,16358,GRU + Attention
0.7000000000000002,0.233238832273389,0.2178923709037809,0.2253045756665137,0.7558610592963481,0.1634582411140498,1267573,50035,54631,15220,GRU + Attention
0.7100000000000002,0.2400074143974117,0.20390545589898498,0.22048840899415612,0.7558610592963481,0.1634582411140498,1272507,45101,55608,14243,GRU + Attention
0.7200000000000002,0.24472440358777775,0.18827217935319465,0.21281829289014395,0.7558610592963481,0.1634582411140498,1277021,40587,56700,13151,GRU + Attention
0.7300000000000002,0.24993792418473762,0.17292522655366424,0.2044187207541103,0.7558610592963481,0.1634582411140498,1281359,36249,57772,12079,GRU + Attention
0.7400000000000002,0.2568906961162581,0.15918168673318922,0.1965633673343115,0.7558610592963481,0.1634582411140498,1285444,32164,58732,11119,GRU + Attention
0.7500000000000002,0.2626748364745728,0.1454524631000272,0.1872293375103658,0.7558610592963481,0.1634582411140498,1289089,28519,59691,10160,GRU + Attention
0.7600000000000002,0.2690748898678414,0.13116490816165838,0.17636018902609216,0.7558610592963481,0.1634582411140498,1292720,24888,60689,9162,GRU + Attention
0.7700000000000002,0.2741477746986745,0.11755021402700033,0.164545800685357,0.7558610592963481,0.1634582411140498,1295868,21740,61640,8211,GRU + Attention
0.7800000000000001,0.27977786288778245,0.10457974832142704,0.1522493512989652,0.7558610592963481,0.1634582411140498,1298803,18805,62546,7305,GRU + Attention
0.7900000000000001,0.2873512365615184,0.09298363659790125,0.1405023038484003,0.7558610592963481,0.1634582411140498,1301500,16108,63356,6495,GRU + Attention
0.8000000000000002,0.2921394255340897,0.0818313266810783,0.12785040875896084,0.7558610592963481,0.1634582411140498,1303758,13850,64135,5716,GRU + Attention
0.8100000000000002,0.2994030030754387,0.07107987000901919,0.11488534604438068,0.7558610592963481,0.1634582411140498,1305990,11618,64886,4965,GRU + Attention
0.8200000000000002,0.30658984515664384,0.06094400939141888,0.10167669819432502,0.7558610592963481,0.1634582411140498,1307980,9628,65594,4257,GRU + Attention
0.8300000000000002,0.3153900458877515,0.05116605345664343,0.08804799034280576,0.7558610592963481,0.1634582411140498,1309850,7758,66277,3574,GRU + Attention
0.8400000000000002,0.32065974081610793,0.04286266481510644,0.07561751780572815,0.7558610592963481,0.1634582411140498,1311265,6343,66857,2994,GRU + Attention
0.8500000000000002,0.32726305994948823,0.035246453164593204,0.06363894848398687,0.7558610592963481,0.1634582411140498,1312547,5061,67389,2462,GRU + Attention
0.8600000000000002,0.33921302578018997,0.028632374625989606,0.052807371909118515,0.7558610592963481,0.1634582411140498,1313712,3896,67851,2000,GRU + Attention
0.8700000000000002,0.34280717096633145,0.022447781706775853,0.042136378904937856,0.7558610592963481,0.1634582411140498,1314602,3006,68283,1568,GRU + Attention
0.8800000000000002,0.34236596736596736,0.016821520092768893,0.03206746448698879,0.7558610592963481,0.1634582411140498,1315351,2257,68676,1175,GRU + Attention
0.8900000000000002,0.34691455696202533,0.012555296273496443,0.02423354840492408,0.7558610592963481,0.1634582411140498,1315957,1651,68974,877,GRU + Attention
0.9000000000000002,0.3628169014084507,0.009219624629568653,0.017982296931281935,0.7558610592963481,0.1634582411140498,1316477,1131,69207,644,GRU + Attention
0.9100000000000003,0.36273701566364386,0.006299122417717714,0.012383203872565574,0.7558610592963481,0.1634582411140498,1316835,773,69411,440,GRU + Attention
0.9200000000000003,0.3704188481675393,0.004051481009577529,0.008015294200948807,0.7558610592963481,0.1634582411140498,1317127,481,69568,283,GRU + Attention
0.9300000000000002,0.3763213530655391,0.002548281341713075,0.005062283146578693,0.7558610592963481,0.1634582411140498,1317313,295,69673,178,GRU + Attention
0.9400000000000002,0.3613138686131387,0.0014173025439864855,0.002823529411764706,0.7558610592963481,0.1634582411140498,1317433,175,69752,99,GRU + Attention
0.9500000000000002,0.36428571428571427,0.0007301255529627349,0.0014573302281721935,0.7558610592963481,0.1634582411140498,1317519,89,69800,51,GRU + Attention
