Model,Observed_Session_Percentage,Precision,Recall,F1_Score,ROC_AUC,Prediction_Time_Seconds
LSTM,20,0.1072,0.2736,0.1541,0.5869,6.56350119994022
GRU,20,0.1099,0.2772,0.1574,0.5938,2.305519900051877
GRU + Attention,20,0.1065,0.2978,0.1569,0.6269,5.290540200076066
XGBoost,20,0.1275,0.3341,0.1846,0.6918,0.0492523000575602
LightGBM,20,0.123,0.3499,0.182,0.6973,0.0966738000279292
LSTM,40,0.1164,0.3257,0.1715,0.5917,2.7043307999847457
GRU,40,0.1196,0.322,0.1744,0.6016,1.6258387999841943
GRU + Attention,40,0.1152,0.345,0.1727,0.6425,2.6718126999912784
XGBoost,40,0.1387,0.5545,0.222,0.742,0.0474269000114873
LightGBM,40,0.133,0.586,0.2168,0.745,0.085394800058566
LSTM,60,0.12,0.339,0.1772,0.5922,2.794511800049804
GRU,60,0.119,0.322,0.1738,0.5973,2.7850624000420794
GRU + Attention,60,0.1182,0.3596,0.1779,0.6447,2.7196017999667674
XGBoost,60,0.1402,0.5775,0.2256,0.7484,0.0466012000106275
LightGBM,60,0.1336,0.6017,0.2186,0.7505,0.0976397000486031
LSTM,80,0.1203,0.3402,0.1777,0.5954,2.670172700076364
GRU,80,0.1198,0.3257,0.1751,0.5986,2.7029160000383854
GRU + Attention,80,0.1189,0.3632,0.1792,0.6458,2.687668800004758
XGBoost,80,0.1405,0.5763,0.226,0.7481,0.0459009999176487
LightGBM,80,0.1341,0.6017,0.2194,0.7503,0.1049136000219732
LSTM,100,0.1202,0.3402,0.1776,0.5941,2.68321490008384
GRU,100,0.1189,0.3232,0.1739,0.596,2.685663999989629
GRU + Attention,100,0.1183,0.362,0.1783,0.6464,2.023898100014776
XGBoost,100,0.1406,0.5775,0.2261,0.7465,0.0442090999567881
LightGBM,100,0.1333,0.5993,0.2181,0.7499,0.1061602999689057
